Movil,Mensaje,Imagen
3112480487,"ğŸŸï¸ Â¡ENTRADA GRATIS! ğŸŸï¸

ğŸš€ Â¡No te puedes perder el EXPO del SUMMIT TURÃSTICO INTERNACIONAL! ğŸŒâœ¨

ğŸ“† 27-28 de junio
ğŸ“ Centro Internacional de Convenciones, Puerto Vallarta
https://maps.app.goo.gl/ZARoUF5DKiU1hLr29

ConÃ©ctate con expertos y descubre lo Ãºltimo en turismo e inversiÃ³n inmobiliaria en MÃ©xico. ğŸï¸ğŸ¢

ğŸ“² MÃ¡s info: 56 1858 7276 / 32 2596 0129",C:\Users\4to CREATIVO\Desktop\WhatsAutoA\Images\summita.png
3112481033,"ğŸŸï¸ Â¡ENTRADA GRATIS! ğŸŸï¸

ğŸš€ Â¡No te puedes perder el EXPO del SUMMIT TURÃSTICO INTERNACIONAL! ğŸŒâœ¨

ğŸ“† 27-28 de junio
ğŸ“ Centro Internacional de Convenciones, Puerto Vallarta
https://maps.app.goo.gl/ZARoUF5DKiU1hLr29

ConÃ©ctate con expertos y descubre lo Ãºltimo en turismo e inversiÃ³n inmobiliaria en MÃ©xico. ğŸï¸ğŸ¢

ğŸ“² MÃ¡s info: 56 1858 7276 / 32 2596 0129",C:\Users\4to CREATIVO\Desktop\WhatsAutoA\Images\summita.png
3112481335,"ğŸŸï¸ Â¡ENTRADA GRATIS! ğŸŸï¸

ğŸš€ Â¡No te puedes perder el EXPO del SUMMIT TURÃSTICO INTERNACIONAL! ğŸŒâœ¨

ğŸ“† 27-28 de junio
ğŸ“ Centro Internacional de Convenciones, Puerto Vallarta
https://maps.app.goo.gl/ZARoUF5DKiU1hLr29

ConÃ©ctate con expertos y descubre lo Ãºltimo en turismo e inversiÃ³n inmobiliaria en MÃ©xico. ğŸï¸ğŸ¢

ğŸ“² MÃ¡s info: 56 1858 7276 / 32 2596 0129",C:\Users\4to CREATIVO\Desktop\WhatsAutoA\Images\summita.png
3112489208,"ğŸŸï¸ Â¡ENTRADA GRATIS! ğŸŸï¸

ğŸš€ Â¡No te puedes perder el EXPO del SUMMIT TURÃSTICO INTERNACIONAL! ğŸŒâœ¨

ğŸ“† 27-28 de junio
ğŸ“ Centro Internacional de Convenciones, Puerto Vallarta
https://maps.app.goo.gl/ZARoUF5DKiU1hLr29

ConÃ©ctate con expertos y descubre lo Ãºltimo en turismo e inversiÃ³n inmobiliaria en MÃ©xico. ğŸï¸ğŸ¢

ğŸ“² MÃ¡s info: 56 1858 7276 / 32 2596 0129",C:\Users\4to CREATIVO\Desktop\WhatsAutoA\Images\summita.png
3112502561,"ğŸŸï¸ Â¡ENTRADA GRATIS! ğŸŸï¸

ğŸš€ Â¡No te puedes perder el EXPO del SUMMIT TURÃSTICO INTERNACIONAL! ğŸŒâœ¨

ğŸ“† 27-28 de junio
ğŸ“ Centro Internacional de Convenciones, Puerto Vallarta
https://maps.app.goo.gl/ZARoUF5DKiU1hLr29

ConÃ©ctate con expertos y descubre lo Ãºltimo en turismo e inversiÃ³n inmobiliaria en MÃ©xico. ğŸï¸ğŸ¢

ğŸ“² MÃ¡s info: 56 1858 7276 / 32 2596 0129",C:\Users\4to CREATIVO\Desktop\WhatsAutoA\Images\summita.png
3112507624,"ğŸŸï¸ Â¡ENTRADA GRATIS! ğŸŸï¸

ğŸš€ Â¡No te puedes perder el EXPO del SUMMIT TURÃSTICO INTERNACIONAL! ğŸŒâœ¨

ğŸ“† 27-28 de junio
ğŸ“ Centro Internacional de Convenciones, Puerto Vallarta
https://maps.app.goo.gl/ZARoUF5DKiU1hLr29

ConÃ©ctate con expertos y descubre lo Ãºltimo en turismo e inversiÃ³n inmobiliaria en MÃ©xico. ğŸï¸ğŸ¢

ğŸ“² MÃ¡s info: 56 1858 7276 / 32 2596 0129",C:\Users\4to CREATIVO\Desktop\WhatsAutoA\Images\summita.png
3112532477,"ğŸŸï¸ Â¡ENTRADA GRATIS! ğŸŸï¸

ğŸš€ Â¡No te puedes perder el EXPO del SUMMIT TURÃSTICO INTERNACIONAL! ğŸŒâœ¨

ğŸ“† 27-28 de junio
ğŸ“ Centro Internacional de Convenciones, Puerto Vallarta
https://maps.app.goo.gl/ZARoUF5DKiU1hLr29

ConÃ©ctate con expertos y descubre lo Ãºltimo en turismo e inversiÃ³n inmobiliaria en MÃ©xico. ğŸï¸ğŸ¢

ğŸ“² MÃ¡s info: 56 1858 7276 / 32 2596 0129",C:\Users\4to CREATIVO\Desktop\WhatsAutoA\Images\summita.png
3112600653,"ğŸŸï¸ Â¡ENTRADA GRATIS! ğŸŸï¸

ğŸš€ Â¡No te puedes perder el EXPO del SUMMIT TURÃSTICO INTERNACIONAL! ğŸŒâœ¨

ğŸ“† 27-28 de junio
ğŸ“ Centro Internacional de Convenciones, Puerto Vallarta
https://maps.app.goo.gl/ZARoUF5DKiU1hLr29

ConÃ©ctate con expertos y descubre lo Ãºltimo en turismo e inversiÃ³n inmobiliaria en MÃ©xico. ğŸï¸ğŸ¢

ğŸ“² MÃ¡s info: 56 1858 7276 / 32 2596 0129",C:\Users\4to CREATIVO\Desktop\WhatsAutoA\Images\summita.png
3112601304,"ğŸŸï¸ Â¡ENTRADA GRATIS! ğŸŸï¸

ğŸš€ Â¡No te puedes perder el EXPO del SUMMIT TURÃSTICO INTERNACIONAL! ğŸŒâœ¨

ğŸ“† 27-28 de junio
ğŸ“ Centro Internacional de Convenciones, Puerto Vallarta
https://maps.app.goo.gl/ZARoUF5DKiU1hLr29

ConÃ©ctate con expertos y descubre lo Ãºltimo en turismo e inversiÃ³n inmobiliaria en MÃ©xico. ğŸï¸ğŸ¢

ğŸ“² MÃ¡s info: 56 1858 7276 / 32 2596 0129",C:\Users\4to CREATIVO\Desktop\WhatsAutoA\Images\summita.png
3112601365,"ğŸŸï¸ Â¡ENTRADA GRATIS! ğŸŸï¸

ğŸš€ Â¡No te puedes perder el EXPO del SUMMIT TURÃSTICO INTERNACIONAL! ğŸŒâœ¨

ğŸ“† 27-28 de junio
ğŸ“ Centro Internacional de Convenciones, Puerto Vallarta
https://maps.app.goo.gl/ZARoUF5DKiU1hLr29

ConÃ©ctate con expertos y descubre lo Ãºltimo en turismo e inversiÃ³n inmobiliaria en MÃ©xico. ğŸï¸ğŸ¢

ğŸ“² MÃ¡s info: 56 1858 7276 / 32 2596 0129",C:\Users\4to CREATIVO\Desktop\WhatsAutoA\Images\summita.png
3112629929,"ğŸŸï¸ Â¡ENTRADA GRATIS! ğŸŸï¸

ğŸš€ Â¡No te puedes perder el EXPO del SUMMIT TURÃSTICO INTERNACIONAL! ğŸŒâœ¨

ğŸ“† 27-28 de junio
ğŸ“ Centro Internacional de Convenciones, Puerto Vallarta
https://maps.app.goo.gl/ZARoUF5DKiU1hLr29

ConÃ©ctate con expertos y descubre lo Ãºltimo en turismo e inversiÃ³n inmobiliaria en MÃ©xico. ğŸï¸ğŸ¢

ğŸ“² MÃ¡s info: 56 1858 7276 / 32 2596 0129",C:\Users\4to CREATIVO\Desktop\WhatsAutoA\Images\summita.png
3112631691,"ğŸŸï¸ Â¡ENTRADA GRATIS! ğŸŸï¸

ğŸš€ Â¡No te puedes perder el EXPO del SUMMIT TURÃSTICO INTERNACIONAL! ğŸŒâœ¨

ğŸ“† 27-28 de junio
ğŸ“ Centro Internacional de Convenciones, Puerto Vallarta
https://maps.app.goo.gl/ZARoUF5DKiU1hLr29

ConÃ©ctate con expertos y descubre lo Ãºltimo en turismo e inversiÃ³n inmobiliaria en MÃ©xico. ğŸï¸ğŸ¢

ğŸ“² MÃ¡s info: 56 1858 7276 / 32 2596 0129",C:\Users\4to CREATIVO\Desktop\WhatsAutoA\Images\summita.png
3112637937,"ğŸŸï¸ Â¡ENTRADA GRATIS! ğŸŸï¸

ğŸš€ Â¡No te puedes perder el EXPO del SUMMIT TURÃSTICO INTERNACIONAL! ğŸŒâœ¨

ğŸ“† 27-28 de junio
ğŸ“ Centro Internacional de Convenciones, Puerto Vallarta
https://maps.app.goo.gl/ZARoUF5DKiU1hLr29

ConÃ©ctate con expertos y descubre lo Ãºltimo en turismo e inversiÃ³n inmobiliaria en MÃ©xico. ğŸï¸ğŸ¢

ğŸ“² MÃ¡s info: 56 1858 7276 / 32 2596 0129",C:\Users\4to CREATIVO\Desktop\WhatsAutoA\Images\summita.png
3112646957,"ğŸŸï¸ Â¡ENTRADA GRATIS! ğŸŸï¸

ğŸš€ Â¡No te puedes perder el EXPO del SUMMIT TURÃSTICO INTERNACIONAL! ğŸŒâœ¨

ğŸ“† 27-28 de junio
ğŸ“ Centro Internacional de Convenciones, Puerto Vallarta
https://maps.app.goo.gl/ZARoUF5DKiU1hLr29

ConÃ©ctate con expertos y descubre lo Ãºltimo en turismo e inversiÃ³n inmobiliaria en MÃ©xico. ğŸï¸ğŸ¢

ğŸ“² MÃ¡s info: 56 1858 7276 / 32 2596 0129",C:\Users\4to CREATIVO\Desktop\WhatsAutoA\Images\summita.png
3112648479,"ğŸŸï¸ Â¡ENTRADA GRATIS! ğŸŸï¸

ğŸš€ Â¡No te puedes perder el EXPO del SUMMIT TURÃSTICO INTERNACIONAL! ğŸŒâœ¨

ğŸ“† 27-28 de junio
ğŸ“ Centro Internacional de Convenciones, Puerto Vallarta
https://maps.app.goo.gl/ZARoUF5DKiU1hLr29

ConÃ©ctate con expertos y descubre lo Ãºltimo en turismo e inversiÃ³n inmobiliaria en MÃ©xico. ğŸï¸ğŸ¢

ğŸ“² MÃ¡s info: 56 1858 7276 / 32 2596 0129",C:\Users\4to CREATIVO\Desktop\WhatsAutoA\Images\summita.png
3112664830,"ğŸŸï¸ Â¡ENTRADA GRATIS! ğŸŸï¸

ğŸš€ Â¡No te puedes perder el EXPO del SUMMIT TURÃSTICO INTERNACIONAL! ğŸŒâœ¨

ğŸ“† 27-28 de junio
ğŸ“ Centro Internacional de Convenciones, Puerto Vallarta
https://maps.app.goo.gl/ZARoUF5DKiU1hLr29

ConÃ©ctate con expertos y descubre lo Ãºltimo en turismo e inversiÃ³n inmobiliaria en MÃ©xico. ğŸï¸ğŸ¢

ğŸ“² MÃ¡s info: 56 1858 7276 / 32 2596 0129",C:\Users\4to CREATIVO\Desktop\WhatsAutoA\Images\summita.png
3112665025,"ğŸŸï¸ Â¡ENTRADA GRATIS! ğŸŸï¸

ğŸš€ Â¡No te puedes perder el EXPO del SUMMIT TURÃSTICO INTERNACIONAL! ğŸŒâœ¨

ğŸ“† 27-28 de junio
ğŸ“ Centro Internacional de Convenciones, Puerto Vallarta
https://maps.app.goo.gl/ZARoUF5DKiU1hLr29

ConÃ©ctate con expertos y descubre lo Ãºltimo en turismo e inversiÃ³n inmobiliaria en MÃ©xico. ğŸï¸ğŸ¢

ğŸ“² MÃ¡s info: 56 1858 7276 / 32 2596 0129",C:\Users\4to CREATIVO\Desktop\WhatsAutoA\Images\summita.png
3112666169,"ğŸŸï¸ Â¡ENTRADA GRATIS! ğŸŸï¸

ğŸš€ Â¡No te puedes perder el EXPO del SUMMIT TURÃSTICO INTERNACIONAL! ğŸŒâœ¨

ğŸ“† 27-28 de junio
ğŸ“ Centro Internacional de Convenciones, Puerto Vallarta
https://maps.app.goo.gl/ZARoUF5DKiU1hLr29

ConÃ©ctate con expertos y descubre lo Ãºltimo en turismo e inversiÃ³n inmobiliaria en MÃ©xico. ğŸï¸ğŸ¢

ğŸ“² MÃ¡s info: 56 1858 7276 / 32 2596 0129",C:\Users\4to CREATIVO\Desktop\WhatsAutoA\Images\summita.png
3112671211,"ğŸŸï¸ Â¡ENTRADA GRATIS! ğŸŸï¸

ğŸš€ Â¡No te puedes perder el EXPO del SUMMIT TURÃSTICO INTERNACIONAL! ğŸŒâœ¨

ğŸ“† 27-28 de junio
ğŸ“ Centro Internacional de Convenciones, Puerto Vallarta
https://maps.app.goo.gl/ZARoUF5DKiU1hLr29

ConÃ©ctate con expertos y descubre lo Ãºltimo en turismo e inversiÃ³n inmobiliaria en MÃ©xico. ğŸï¸ğŸ¢

ğŸ“² MÃ¡s info: 56 1858 7276 / 32 2596 0129",C:\Users\4to CREATIVO\Desktop\WhatsAutoA\Images\summita.png
3112696843,"ğŸŸï¸ Â¡ENTRADA GRATIS! ğŸŸï¸

ğŸš€ Â¡No te puedes perder el EXPO del SUMMIT TURÃSTICO INTERNACIONAL! ğŸŒâœ¨

ğŸ“† 27-28 de junio
ğŸ“ Centro Internacional de Convenciones, Puerto Vallarta
https://maps.app.goo.gl/ZARoUF5DKiU1hLr29

ConÃ©ctate con expertos y descubre lo Ãºltimo en turismo e inversiÃ³n inmobiliaria en MÃ©xico. ğŸï¸ğŸ¢

ğŸ“² MÃ¡s info: 56 1858 7276 / 32 2596 0129",C:\Users\4to CREATIVO\Desktop\WhatsAutoA\Images\summita.png
3112697278,"ğŸŸï¸ Â¡ENTRADA GRATIS! ğŸŸï¸

ğŸš€ Â¡No te puedes perder el EXPO del SUMMIT TURÃSTICO INTERNACIONAL! ğŸŒâœ¨

ğŸ“† 27-28 de junio
ğŸ“ Centro Internacional de Convenciones, Puerto Vallarta
https://maps.app.goo.gl/ZARoUF5DKiU1hLr29

ConÃ©ctate con expertos y descubre lo Ãºltimo en turismo e inversiÃ³n inmobiliaria en MÃ©xico. ğŸï¸ğŸ¢

ğŸ“² MÃ¡s info: 56 1858 7276 / 32 2596 0129",C:\Users\4to CREATIVO\Desktop\WhatsAutoA\Images\summita.png
3112834759,"ğŸŸï¸ Â¡ENTRADA GRATIS! ğŸŸï¸

ğŸš€ Â¡No te puedes perder el EXPO del SUMMIT TURÃSTICO INTERNACIONAL! ğŸŒâœ¨

ğŸ“† 27-28 de junio
ğŸ“ Centro Internacional de Convenciones, Puerto Vallarta
https://maps.app.goo.gl/ZARoUF5DKiU1hLr29

ConÃ©ctate con expertos y descubre lo Ãºltimo en turismo e inversiÃ³n inmobiliaria en MÃ©xico. ğŸï¸ğŸ¢

ğŸ“² MÃ¡s info: 56 1858 7276 / 32 2596 0129",C:\Users\4to CREATIVO\Desktop\WhatsAutoA\Images\summita.png
3112858211,"ğŸŸï¸ Â¡ENTRADA GRATIS! ğŸŸï¸

ğŸš€ Â¡No te puedes perder el EXPO del SUMMIT TURÃSTICO INTERNACIONAL! ğŸŒâœ¨

ğŸ“† 27-28 de junio
ğŸ“ Centro Internacional de Convenciones, Puerto Vallarta
https://maps.app.goo.gl/ZARoUF5DKiU1hLr29

ConÃ©ctate con expertos y descubre lo Ãºltimo en turismo e inversiÃ³n inmobiliaria en MÃ©xico. ğŸï¸ğŸ¢

ğŸ“² MÃ¡s info: 56 1858 7276 / 32 2596 0129",C:\Users\4to CREATIVO\Desktop\WhatsAutoA\Images\summita.png
3112927010,"ğŸŸï¸ Â¡ENTRADA GRATIS! ğŸŸï¸

ğŸš€ Â¡No te puedes perder el EXPO del SUMMIT TURÃSTICO INTERNACIONAL! ğŸŒâœ¨

ğŸ“† 27-28 de junio
ğŸ“ Centro Internacional de Convenciones, Puerto Vallarta
https://maps.app.goo.gl/ZARoUF5DKiU1hLr29

ConÃ©ctate con expertos y descubre lo Ãºltimo en turismo e inversiÃ³n inmobiliaria en MÃ©xico. ğŸï¸ğŸ¢

ğŸ“² MÃ¡s info: 56 1858 7276 / 32 2596 0129",C:\Users\4to CREATIVO\Desktop\WhatsAutoA\Images\summita.png
3113390655,"ğŸŸï¸ Â¡ENTRADA GRATIS! ğŸŸï¸

ğŸš€ Â¡No te puedes perder el EXPO del SUMMIT TURÃSTICO INTERNACIONAL! ğŸŒâœ¨

ğŸ“† 27-28 de junio
ğŸ“ Centro Internacional de Convenciones, Puerto Vallarta
https://maps.app.goo.gl/ZARoUF5DKiU1hLr29

ConÃ©ctate con expertos y descubre lo Ãºltimo en turismo e inversiÃ³n inmobiliaria en MÃ©xico. ğŸï¸ğŸ¢

ğŸ“² MÃ¡s info: 56 1858 7276 / 32 2596 0129",C:\Users\4to CREATIVO\Desktop\WhatsAutoA\Images\summita.png
3117400922,"ğŸŸï¸ Â¡ENTRADA GRATIS! ğŸŸï¸

ğŸš€ Â¡No te puedes perder el EXPO del SUMMIT TURÃSTICO INTERNACIONAL! ğŸŒâœ¨

ğŸ“† 27-28 de junio
ğŸ“ Centro Internacional de Convenciones, Puerto Vallarta
https://maps.app.goo.gl/ZARoUF5DKiU1hLr29

ConÃ©ctate con expertos y descubre lo Ãºltimo en turismo e inversiÃ³n inmobiliaria en MÃ©xico. ğŸï¸ğŸ¢

ğŸ“² MÃ¡s info: 56 1858 7276 / 32 2596 0129",C:\Users\4to CREATIVO\Desktop\WhatsAutoA\Images\summita.png
3117402952,"ğŸŸï¸ Â¡ENTRADA GRATIS! ğŸŸï¸

ğŸš€ Â¡No te puedes perder el EXPO del SUMMIT TURÃSTICO INTERNACIONAL! ğŸŒâœ¨

ğŸ“† 27-28 de junio
ğŸ“ Centro Internacional de Convenciones, Puerto Vallarta
https://maps.app.goo.gl/ZARoUF5DKiU1hLr29

ConÃ©ctate con expertos y descubre lo Ãºltimo en turismo e inversiÃ³n inmobiliaria en MÃ©xico. ğŸï¸ğŸ¢

ğŸ“² MÃ¡s info: 56 1858 7276 / 32 2596 0129",C:\Users\4to CREATIVO\Desktop\WhatsAutoA\Images\summita.png
3117434095,"ğŸŸï¸ Â¡ENTRADA GRATIS! ğŸŸï¸

ğŸš€ Â¡No te puedes perder el EXPO del SUMMIT TURÃSTICO INTERNACIONAL! ğŸŒâœ¨

ğŸ“† 27-28 de junio
ğŸ“ Centro Internacional de Convenciones, Puerto Vallarta
https://maps.app.goo.gl/ZARoUF5DKiU1hLr29

ConÃ©ctate con expertos y descubre lo Ãºltimo en turismo e inversiÃ³n inmobiliaria en MÃ©xico. ğŸï¸ğŸ¢

ğŸ“² MÃ¡s info: 56 1858 7276 / 32 2596 0129",C:\Users\4to CREATIVO\Desktop\WhatsAutoA\Images\summita.png
3117439583,"ğŸŸï¸ Â¡ENTRADA GRATIS! ğŸŸï¸

ğŸš€ Â¡No te puedes perder el EXPO del SUMMIT TURÃSTICO INTERNACIONAL! ğŸŒâœ¨

ğŸ“† 27-28 de junio
ğŸ“ Centro Internacional de Convenciones, Puerto Vallarta
https://maps.app.goo.gl/ZARoUF5DKiU1hLr29

ConÃ©ctate con expertos y descubre lo Ãºltimo en turismo e inversiÃ³n inmobiliaria en MÃ©xico. ğŸï¸ğŸ¢

ğŸ“² MÃ¡s info: 56 1858 7276 / 32 2596 0129",C:\Users\4to CREATIVO\Desktop\WhatsAutoA\Images\summita.png
3118475532,"ğŸŸï¸ Â¡ENTRADA GRATIS! ğŸŸï¸

ğŸš€ Â¡No te puedes perder el EXPO del SUMMIT TURÃSTICO INTERNACIONAL! ğŸŒâœ¨

ğŸ“† 27-28 de junio
ğŸ“ Centro Internacional de Convenciones, Puerto Vallarta
https://maps.app.goo.gl/ZARoUF5DKiU1hLr29

ConÃ©ctate con expertos y descubre lo Ãºltimo en turismo e inversiÃ³n inmobiliaria en MÃ©xico. ğŸï¸ğŸ¢

ğŸ“² MÃ¡s info: 56 1858 7276 / 32 2596 0129",C:\Users\4to CREATIVO\Desktop\WhatsAutoA\Images\summita.png
3118475636,"ğŸŸï¸ Â¡ENTRADA GRATIS! ğŸŸï¸

ğŸš€ Â¡No te puedes perder el EXPO del SUMMIT TURÃSTICO INTERNACIONAL! ğŸŒâœ¨

ğŸ“† 27-28 de junio
ğŸ“ Centro Internacional de Convenciones, Puerto Vallarta
https://maps.app.goo.gl/ZARoUF5DKiU1hLr29

ConÃ©ctate con expertos y descubre lo Ãºltimo en turismo e inversiÃ³n inmobiliaria en MÃ©xico. ğŸï¸ğŸ¢

ğŸ“² MÃ¡s info: 56 1858 7276 / 32 2596 0129",C:\Users\4to CREATIVO\Desktop\WhatsAutoA\Images\summita.png
3118477102,"ğŸŸï¸ Â¡ENTRADA GRATIS! ğŸŸï¸

ğŸš€ Â¡No te puedes perder el EXPO del SUMMIT TURÃSTICO INTERNACIONAL! ğŸŒâœ¨

ğŸ“† 27-28 de junio
ğŸ“ Centro Internacional de Convenciones, Puerto Vallarta
https://maps.app.goo.gl/ZARoUF5DKiU1hLr29

ConÃ©ctate con expertos y descubre lo Ãºltimo en turismo e inversiÃ³n inmobiliaria en MÃ©xico. ğŸï¸ğŸ¢

ğŸ“² MÃ¡s info: 56 1858 7276 / 32 2596 0129",C:\Users\4to CREATIVO\Desktop\WhatsAutoA\Images\summita.png
3118478190,"ğŸŸï¸ Â¡ENTRADA GRATIS! ğŸŸï¸

ğŸš€ Â¡No te puedes perder el EXPO del SUMMIT TURÃSTICO INTERNACIONAL! ğŸŒâœ¨

ğŸ“† 27-28 de junio
ğŸ“ Centro Internacional de Convenciones, Puerto Vallarta
https://maps.app.goo.gl/ZARoUF5DKiU1hLr29

ConÃ©ctate con expertos y descubre lo Ãºltimo en turismo e inversiÃ³n inmobiliaria en MÃ©xico. ğŸï¸ğŸ¢

ğŸ“² MÃ¡s info: 56 1858 7276 / 32 2596 0129",C:\Users\4to CREATIVO\Desktop\WhatsAutoA\Images\summita.png
3118479269,"ğŸŸï¸ Â¡ENTRADA GRATIS! ğŸŸï¸

ğŸš€ Â¡No te puedes perder el EXPO del SUMMIT TURÃSTICO INTERNACIONAL! ğŸŒâœ¨

ğŸ“† 27-28 de junio
ğŸ“ Centro Internacional de Convenciones, Puerto Vallarta
https://maps.app.goo.gl/ZARoUF5DKiU1hLr29

ConÃ©ctate con expertos y descubre lo Ãºltimo en turismo e inversiÃ³n inmobiliaria en MÃ©xico. ğŸï¸ğŸ¢

ğŸ“² MÃ¡s info: 56 1858 7276 / 32 2596 0129",C:\Users\4to CREATIVO\Desktop\WhatsAutoA\Images\summita.png
3118479759,"ğŸŸï¸ Â¡ENTRADA GRATIS! ğŸŸï¸

ğŸš€ Â¡No te puedes perder el EXPO del SUMMIT TURÃSTICO INTERNACIONAL! ğŸŒâœ¨

ğŸ“† 27-28 de junio
ğŸ“ Centro Internacional de Convenciones, Puerto Vallarta
https://maps.app.goo.gl/ZARoUF5DKiU1hLr29

ConÃ©ctate con expertos y descubre lo Ãºltimo en turismo e inversiÃ³n inmobiliaria en MÃ©xico. ğŸï¸ğŸ¢

ğŸ“² MÃ¡s info: 56 1858 7276 / 32 2596 0129",C:\Users\4to CREATIVO\Desktop\WhatsAutoA\Images\summita.png
3118513411,"ğŸŸï¸ Â¡ENTRADA GRATIS! ğŸŸï¸

ğŸš€ Â¡No te puedes perder el EXPO del SUMMIT TURÃSTICO INTERNACIONAL! ğŸŒâœ¨

ğŸ“† 27-28 de junio
ğŸ“ Centro Internacional de Convenciones, Puerto Vallarta
https://maps.app.goo.gl/ZARoUF5DKiU1hLr29

ConÃ©ctate con expertos y descubre lo Ãºltimo en turismo e inversiÃ³n inmobiliaria en MÃ©xico. ğŸï¸ğŸ¢

ğŸ“² MÃ¡s info: 56 1858 7276 / 32 2596 0129",C:\Users\4to CREATIVO\Desktop\WhatsAutoA\Images\summita.png
3118764555,"ğŸŸï¸ Â¡ENTRADA GRATIS! ğŸŸï¸

ğŸš€ Â¡No te puedes perder el EXPO del SUMMIT TURÃSTICO INTERNACIONAL! ğŸŒâœ¨

ğŸ“† 27-28 de junio
ğŸ“ Centro Internacional de Convenciones, Puerto Vallarta
https://maps.app.goo.gl/ZARoUF5DKiU1hLr29

ConÃ©ctate con expertos y descubre lo Ãºltimo en turismo e inversiÃ³n inmobiliaria en MÃ©xico. ğŸï¸ğŸ¢

ğŸ“² MÃ¡s info: 56 1858 7276 / 32 2596 0129",C:\Users\4to CREATIVO\Desktop\WhatsAutoA\Images\summita.png
3118768554,"ğŸŸï¸ Â¡ENTRADA GRATIS! ğŸŸï¸

ğŸš€ Â¡No te puedes perder el EXPO del SUMMIT TURÃSTICO INTERNACIONAL! ğŸŒâœ¨

ğŸ“† 27-28 de junio
ğŸ“ Centro Internacional de Convenciones, Puerto Vallarta
https://maps.app.goo.gl/ZARoUF5DKiU1hLr29

ConÃ©ctate con expertos y descubre lo Ãºltimo en turismo e inversiÃ³n inmobiliaria en MÃ©xico. ğŸï¸ğŸ¢

ğŸ“² MÃ¡s info: 56 1858 7276 / 32 2596 0129",C:\Users\4to CREATIVO\Desktop\WhatsAutoA\Images\summita.png
3118769256,"ğŸŸï¸ Â¡ENTRADA GRATIS! ğŸŸï¸

ğŸš€ Â¡No te puedes perder el EXPO del SUMMIT TURÃSTICO INTERNACIONAL! ğŸŒâœ¨

ğŸ“† 27-28 de junio
ğŸ“ Centro Internacional de Convenciones, Puerto Vallarta
https://maps.app.goo.gl/ZARoUF5DKiU1hLr29

ConÃ©ctate con expertos y descubre lo Ãºltimo en turismo e inversiÃ³n inmobiliaria en MÃ©xico. ğŸï¸ğŸ¢

ğŸ“² MÃ¡s info: 56 1858 7276 / 32 2596 0129",C:\Users\4to CREATIVO\Desktop\WhatsAutoA\Images\summita.png
3118773475,"ğŸŸï¸ Â¡ENTRADA GRATIS! ğŸŸï¸

ğŸš€ Â¡No te puedes perder el EXPO del SUMMIT TURÃSTICO INTERNACIONAL! ğŸŒâœ¨

ğŸ“† 27-28 de junio
ğŸ“ Centro Internacional de Convenciones, Puerto Vallarta
https://maps.app.goo.gl/ZARoUF5DKiU1hLr29

ConÃ©ctate con expertos y descubre lo Ãºltimo en turismo e inversiÃ³n inmobiliaria en MÃ©xico. ğŸï¸ğŸ¢

ğŸ“² MÃ¡s info: 56 1858 7276 / 32 2596 0129",C:\Users\4to CREATIVO\Desktop\WhatsAutoA\Images\summita.png
3118777167,"ğŸŸï¸ Â¡ENTRADA GRATIS! ğŸŸï¸

ğŸš€ Â¡No te puedes perder el EXPO del SUMMIT TURÃSTICO INTERNACIONAL! ğŸŒâœ¨

ğŸ“† 27-28 de junio
ğŸ“ Centro Internacional de Convenciones, Puerto Vallarta
https://maps.app.goo.gl/ZARoUF5DKiU1hLr29

ConÃ©ctate con expertos y descubre lo Ãºltimo en turismo e inversiÃ³n inmobiliaria en MÃ©xico. ğŸï¸ğŸ¢

ğŸ“² MÃ¡s info: 56 1858 7276 / 32 2596 0129",C:\Users\4to CREATIVO\Desktop\WhatsAutoA\Images\summita.png
3118907454,"ğŸŸï¸ Â¡ENTRADA GRATIS! ğŸŸï¸

ğŸš€ Â¡No te puedes perder el EXPO del SUMMIT TURÃSTICO INTERNACIONAL! ğŸŒâœ¨

ğŸ“† 27-28 de junio
ğŸ“ Centro Internacional de Convenciones, Puerto Vallarta
https://maps.app.goo.gl/ZARoUF5DKiU1hLr29

ConÃ©ctate con expertos y descubre lo Ãºltimo en turismo e inversiÃ³n inmobiliaria en MÃ©xico. ğŸï¸ğŸ¢

ğŸ“² MÃ¡s info: 56 1858 7276 / 32 2596 0129",C:\Users\4to CREATIVO\Desktop\WhatsAutoA\Images\summita.png
3119106877,"ğŸŸï¸ Â¡ENTRADA GRATIS! ğŸŸï¸

ğŸš€ Â¡No te puedes perder el EXPO del SUMMIT TURÃSTICO INTERNACIONAL! ğŸŒâœ¨

ğŸ“† 27-28 de junio
ğŸ“ Centro Internacional de Convenciones, Puerto Vallarta
https://maps.app.goo.gl/ZARoUF5DKiU1hLr29

ConÃ©ctate con expertos y descubre lo Ãºltimo en turismo e inversiÃ³n inmobiliaria en MÃ©xico. ğŸï¸ğŸ¢

ğŸ“² MÃ¡s info: 56 1858 7276 / 32 2596 0129",C:\Users\4to CREATIVO\Desktop\WhatsAutoA\Images\summita.png
3121014126,"ğŸŸï¸ Â¡ENTRADA GRATIS! ğŸŸï¸

ğŸš€ Â¡No te puedes perder el EXPO del SUMMIT TURÃSTICO INTERNACIONAL! ğŸŒâœ¨

ğŸ“† 27-28 de junio
ğŸ“ Centro Internacional de Convenciones, Puerto Vallarta
https://maps.app.goo.gl/ZARoUF5DKiU1hLr29

ConÃ©ctate con expertos y descubre lo Ãºltimo en turismo e inversiÃ³n inmobiliaria en MÃ©xico. ğŸï¸ğŸ¢

ğŸ“² MÃ¡s info: 56 1858 7276 / 32 2596 0129",C:\Users\4to CREATIVO\Desktop\WhatsAutoA\Images\summita.png
3121133096,"ğŸŸï¸ Â¡ENTRADA GRATIS! ğŸŸï¸

ğŸš€ Â¡No te puedes perder el EXPO del SUMMIT TURÃSTICO INTERNACIONAL! ğŸŒâœ¨

ğŸ“† 27-28 de junio
ğŸ“ Centro Internacional de Convenciones, Puerto Vallarta
https://maps.app.goo.gl/ZARoUF5DKiU1hLr29

ConÃ©ctate con expertos y descubre lo Ãºltimo en turismo e inversiÃ³n inmobiliaria en MÃ©xico. ğŸï¸ğŸ¢

ğŸ“² MÃ¡s info: 56 1858 7276 / 32 2596 0129",C:\Users\4to CREATIVO\Desktop\WhatsAutoA\Images\summita.png
3121420274,"ğŸŸï¸ Â¡ENTRADA GRATIS! ğŸŸï¸

ğŸš€ Â¡No te puedes perder el EXPO del SUMMIT TURÃSTICO INTERNACIONAL! ğŸŒâœ¨

ğŸ“† 27-28 de junio
ğŸ“ Centro Internacional de Convenciones, Puerto Vallarta
https://maps.app.goo.gl/ZARoUF5DKiU1hLr29

ConÃ©ctate con expertos y descubre lo Ãºltimo en turismo e inversiÃ³n inmobiliaria en MÃ©xico. ğŸï¸ğŸ¢

ğŸ“² MÃ¡s info: 56 1858 7276 / 32 2596 0129",C:\Users\4to CREATIVO\Desktop\WhatsAutoA\Images\summita.png
3121552887,"ğŸŸï¸ Â¡ENTRADA GRATIS! ğŸŸï¸

ğŸš€ Â¡No te puedes perder el EXPO del SUMMIT TURÃSTICO INTERNACIONAL! ğŸŒâœ¨

ğŸ“† 27-28 de junio
ğŸ“ Centro Internacional de Convenciones, Puerto Vallarta
https://maps.app.goo.gl/ZARoUF5DKiU1hLr29

ConÃ©ctate con expertos y descubre lo Ãºltimo en turismo e inversiÃ³n inmobiliaria en MÃ©xico. ğŸï¸ğŸ¢

ğŸ“² MÃ¡s info: 56 1858 7276 / 32 2596 0129",C:\Users\4to CREATIVO\Desktop\WhatsAutoA\Images\summita.png
3121574141,"ğŸŸï¸ Â¡ENTRADA GRATIS! ğŸŸï¸

ğŸš€ Â¡No te puedes perder el EXPO del SUMMIT TURÃSTICO INTERNACIONAL! ğŸŒâœ¨

ğŸ“† 27-28 de junio
ğŸ“ Centro Internacional de Convenciones, Puerto Vallarta
https://maps.app.goo.gl/ZARoUF5DKiU1hLr29

ConÃ©ctate con expertos y descubre lo Ãºltimo en turismo e inversiÃ³n inmobiliaria en MÃ©xico. ğŸï¸ğŸ¢

ğŸ“² MÃ¡s info: 56 1858 7276 / 32 2596 0129",C:\Users\4to CREATIVO\Desktop\WhatsAutoA\Images\summita.png
3121946751,"ğŸŸï¸ Â¡ENTRADA GRATIS! ğŸŸï¸

ğŸš€ Â¡No te puedes perder el EXPO del SUMMIT TURÃSTICO INTERNACIONAL! ğŸŒâœ¨

ğŸ“† 27-28 de junio
ğŸ“ Centro Internacional de Convenciones, Puerto Vallarta
https://maps.app.goo.gl/ZARoUF5DKiU1hLr29

ConÃ©ctate con expertos y descubre lo Ãºltimo en turismo e inversiÃ³n inmobiliaria en MÃ©xico. ğŸï¸ğŸ¢

ğŸ“² MÃ¡s info: 56 1858 7276 / 32 2596 0129",C:\Users\4to CREATIVO\Desktop\WhatsAutoA\Images\summita.png
3123181177,"ğŸŸï¸ Â¡ENTRADA GRATIS! ğŸŸï¸

ğŸš€ Â¡No te puedes perder el EXPO del SUMMIT TURÃSTICO INTERNACIONAL! ğŸŒâœ¨

ğŸ“† 27-28 de junio
ğŸ“ Centro Internacional de Convenciones, Puerto Vallarta
https://maps.app.goo.gl/ZARoUF5DKiU1hLr29

ConÃ©ctate con expertos y descubre lo Ãºltimo en turismo e inversiÃ³n inmobiliaria en MÃ©xico. ğŸï¸ğŸ¢

ğŸ“² MÃ¡s info: 56 1858 7276 / 32 2596 0129",C:\Users\4to CREATIVO\Desktop\WhatsAutoA\Images\summita.png
